<?xml version = '1.0' encoding = 'UTF-8'?>
<relationalModel class="oracle.dbtools.crest.model.design.relational.RelationalDesign" name="Relational_1" id="D3841FF0-F0C1-6310-0089-B7877F005C1F" mainViewID="4C4A1F21-7ADE-D306-45B2-D570A1AE8CFD">
<createdBy>logonrmlocal</createdBy>
<createdTime>2023-03-07 23:04:21 UTC</createdTime>
<ownerDesignName>ProjetovendeBemDER</ownerDesignName>
<shouldBeOpen>false</shouldBeOpen>
<selectedRDBMSSite>32076570-2523-435C-2E92-BF29817DFF70</selectedRDBMSSite>
</relationalModel>