<?xml version = '1.0' encoding = 'UTF-8'?>
<Entity class="oracle.dbtools.crest.model.design.logical.Entity" directorySegmentName="seg_0" id="8DF3A9E4-099C-3456-2C59-093A6470BE9B" name="T_VB_FUNCIONARIO">
<createdBy>logonpflocal</createdBy>
<createdTime>2023-03-07 01:58:11 UTC</createdTime>
<ownerDesignName>Projeto_Vendebem</ownerDesignName>
<engineerTo>
<item key="D455C03D-D3E2-1458-785B-5E691652D645" value="true"/>
</engineerTo>
<adequatelyNormalized>NO</adequatelyNormalized>
<expectedVolumes>0</expectedVolumes>
<fwdEngineeringStrategyName>Single Table</fwdEngineeringStrategyName>
<growthPercent>0</growthPercent>
<growthType>Year</growthType>
<maxVolumes>9999999</maxVolumes>
<minVolumes>0</minVolumes>
<normalForm>Third</normalForm>
</Entity>