<?xml version = '1.0' encoding = 'UTF-8'?>
<Entity class="oracle.dbtools.crest.model.design.logical.Entity" directorySegmentName="seg_0" id="97FBC023-DE42-92BC-C832-940088202CDB" name="T_VB_PRODUTO">
<createdBy>logonpflocal</createdBy>
<createdTime>2023-03-07 01:58:22 UTC</createdTime>
<ownerDesignName>Projeto_Vendebem</ownerDesignName>
<engineerTo>
<item key="D455C03D-D3E2-1458-785B-5E691652D645" value="true"/>
</engineerTo>
<adequatelyNormalized>NO</adequatelyNormalized>
<expectedVolumes>0</expectedVolumes>
<fwdEngineeringStrategyName>Single Table</fwdEngineeringStrategyName>
<growthPercent>0</growthPercent>
<growthType>Year</growthType>
<maxVolumes>9999999</maxVolumes>
<minVolumes>0</minVolumes>
<normalForm>Third</normalForm>
</Entity>