<?xml version = '1.0' encoding = 'UTF-8'?>
<Entity class="oracle.dbtools.crest.model.design.logical.Entity" directorySegmentName="seg_0" id="AD0183D4-1792-588C-C0B8-EFB4759A6DA1" name="T_VB_EMPRESA">
<createdBy>logonpflocal</createdBy>
<createdTime>2023-03-14 23:52:50 UTC</createdTime>
<ownerDesignName>Projeto_Vendebem</ownerDesignName>
<engineerTo>
<item key="D455C03D-D3E2-1458-785B-5E691652D645" value="true"/>
</engineerTo>
<adequatelyNormalized>NO</adequatelyNormalized>
<expectedVolumes>0</expectedVolumes>
<fwdEngineeringStrategyName>Single Table</fwdEngineeringStrategyName>
<growthPercent>0</growthPercent>
<growthType>Year</growthType>
<maxVolumes>9999999</maxVolumes>
<minVolumes>0</minVolumes>
<normalForm>Third</normalForm>
<attributes itemClass="oracle.dbtools.crest.model.design.logical.Attribute">
<Attribute name="ID_EMPRESA" id="B6D80207-A61F-1414-426A-5443EB5BF450">
<createdBy>logonpflocal</createdBy>
<createdTime>2023-03-14 23:53:29 UTC</createdTime>
<comment><![CDATA[Este atributo refere-se a chave primária da tabela de empresa do projeto vendebem. Seu conteúdo é obrigatório e será preenchido automaticamente pela aplicação.]]></comment>
<commentInRDBMS><![CDATA[Este atributo refere-se a chave primária da tabela de empresa do projeto vendebem. Seu conteúdo é obrigatório e será preenchido automaticamente pela aplicação.]]></commentInRDBMS>
<ownerDesignName>Projeto_Vendebem</ownerDesignName>
<engineerTo>
<item key="D455C03D-D3E2-1458-785B-5E691652D645" value="true"/>
</engineerTo>
<useDomainConstraints>false</useDomainConstraints>
<use>1</use>
<logicalDatatype>LOGDT019</logicalDatatype>
<dataTypePrecision>8</dataTypePrecision>
<ownDataTypeParameters>,8,</ownDataTypeParameters>
</Attribute>
<Attribute name="NM_RAZAO_SOCIAL" id="0E75B9ED-F912-E3E7-52E1-2C0D3CB6A6AD">
<createdBy>logonpflocal</createdBy>
<createdTime>2023-03-14 23:55:23 UTC</createdTime>
<comment><![CDATA[Este atributo refere-se a razão social da empresa no projeto vendebem. Seu conteúdo é obrigatório e será preenchido no padrão InitCap (iniciais em maiúscula).]]></comment>
<commentInRDBMS><![CDATA[Este atributo refere-se a razão social da empresa no projeto vendebem. Seu conteúdo é obrigatório e será preenchido no padrão InitCap (iniciais em maiúscula).]]></commentInRDBMS>
<ownerDesignName>Projeto_Vendebem</ownerDesignName>
<engineerTo>
<item key="D455C03D-D3E2-1458-785B-5E691652D645" value="true"/>
</engineerTo>
<useDomainConstraints>false</useDomainConstraints>
<use>1</use>
<logicalDatatype>LOGDT024</logicalDatatype>
<dataTypeSize>80</dataTypeSize>
<ownDataTypeParameters>80,,</ownDataTypeParameters>
</Attribute>
</attributes>
<identifiers itemClass="oracle.dbtools.crest.model.design.logical.CandidateKey">
<identifier id="A0E052CD-6F1D-C419-DC35-54A7E0819F62" name="T_VB_EMPRESA PK">
<createdBy>logonpflocal</createdBy>
<createdTime>2023-03-14 23:53:57 UTC</createdTime>
<ownerDesignName>Projeto_Vendebem</ownerDesignName>
<engineerTo>
<item key="D455C03D-D3E2-1458-785B-5E691652D645" value="true"/>
</engineerTo>
<pk>true</pk>
<usedAttributes>
<attributeRef>B6D80207-A61F-1414-426A-5443EB5BF450</attributeRef>
</usedAttributes>
</identifier>
</identifiers>
</Entity>