<?xml version = '1.0' encoding = 'UTF-8'?>
<Entity class="oracle.dbtools.crest.model.design.logical.Entity" directorySegmentName="seg_0" id="FF5D1EDB-57CA-1326-EB8F-DDEDF37A0A50" name="T_VB_PEDIDO">
<createdBy>logonpflocal</createdBy>
<createdTime>2023-03-07 01:57:56 UTC</createdTime>
<ownerDesignName>Projeto_Vendebem</ownerDesignName>
<engineerTo>
<item key="D455C03D-D3E2-1458-785B-5E691652D645" value="true"/>
</engineerTo>
<adequatelyNormalized>NO</adequatelyNormalized>
<expectedVolumes>0</expectedVolumes>
<fwdEngineeringStrategyName>Single Table</fwdEngineeringStrategyName>
<growthPercent>0</growthPercent>
<growthType>Year</growthType>
<maxVolumes>9999999</maxVolumes>
<minVolumes>0</minVolumes>
<normalForm>Third</normalForm>
</Entity>