<?xml version = '1.0' encoding = 'UTF-8'?>
<Diagram class="oracle.dbtools.crest.swingui.logical.DPVLogical" name="Logical" id="9085B086-4E12-A4DD-F593-586F0493CAA6">
<createdBy>logonrmlocal</createdBy>
<modifiedBy>logonrmlocal</modifiedBy>
<createdTime>2023-03-07 23:42:22 UTC</createdTime>
<autoRoute>false</autoRoute>
<boxInbox>true</boxInbox>
<showLegend>false</showLegend>
<showLabels>false</showLabels>
<showRelAttributes>false</showRelAttributes>
<gridEnabled>false</gridEnabled>
<showGrid>false</showGrid>
<diagramColor>-1</diagramColor>
<display>false</display>
<notation>1</notation>
<objectViews>
<OView class="oracle.dbtools.crest.swingui.logical.TVEntity" oid="40251127-F836-E7EC-2CDA-BFC2A5E0962C" otype="Entity" vid="DAD636B2-2EBB-F74D-F412-48E7FAE4B3C9">
<hideElementsInCurrentOnly>false</hideElementsInCurrentOnly>
<bounds x="354" y="129" width="170" height="110"/>
</OView>
<OView class="oracle.dbtools.crest.swingui.logical.TVEntity" oid="714A9799-9494-50D2-6F97-B93BBC68945F" otype="Entity" vid="731F1A98-F17E-EBCB-D529-2DEE89A84D07">
<hideElementsInCurrentOnly>false</hideElementsInCurrentOnly>
<bounds x="531" y="184" width="170" height="110"/>
</OView>
<OView class="oracle.dbtools.crest.swingui.logical.TVEntity" oid="7D83ACBB-2096-1AA1-D051-9F89E5A282E6" otype="Entity" vid="F8EEDBEF-48B2-311B-5568-B15E587C316B">
<hideElementsInCurrentOnly>false</hideElementsInCurrentOnly>
<bounds x="4" y="177" width="170" height="110"/>
</OView>
<OView class="oracle.dbtools.crest.swingui.logical.TVEntity" oid="83399EE3-D5BD-78B7-8661-307211F9F30A" otype="Entity" vid="20E08041-3346-1F51-CC5B-26124952A07A">
<hideElementsInCurrentOnly>false</hideElementsInCurrentOnly>
<bounds x="0" y="0" width="170" height="110"/>
</OView>
<OView class="oracle.dbtools.crest.swingui.logical.TVEntity" oid="897A95B4-4064-0261-6A12-5DD55071E223" otype="Entity" vid="F711775E-DED1-7A7E-342F-2C2427AF8844">
<hideElementsInCurrentOnly>false</hideElementsInCurrentOnly>
<bounds x="522" y="4" width="170" height="110"/>
</OView>
<OView class="oracle.dbtools.crest.swingui.logical.TVEntity" oid="D0A65A35-8842-2ACF-2F26-7684BCF6CD05" otype="Entity" vid="D217C8DC-A5E4-BFF4-6B3A-8BBB479585F5">
<hideElementsInCurrentOnly>false</hideElementsInCurrentOnly>
<bounds x="177" y="126" width="170" height="110"/>
</OView>
<OView class="oracle.dbtools.crest.swingui.logical.TVEntity" oid="FBF9E4F3-1A09-2A8F-73CA-7555A809EEF5" otype="Entity" vid="26720B4F-2DC3-B872-0E44-C585FC733DE4">
<hideElementsInCurrentOnly>false</hideElementsInCurrentOnly>
<bounds x="261" y="3" width="170" height="110"/>
</OView>
</objectViews>
</Diagram>