<?xml version = '1.0' encoding = 'UTF-8'?>
<relationalModel class="oracle.dbtools.crest.model.design.relational.RelationalDesign" name="Relational_1" id="D455C03D-D3E2-1458-785B-5E691652D645" mainViewID="80D1BCC8-EEAF-6D21-8D66-31A3EB2CA177">
<createdBy>logonpflocal</createdBy>
<createdTime>2023-03-07 01:55:24 UTC</createdTime>
<ownerDesignName>VendeBem</ownerDesignName>
<shouldBeOpen>true</shouldBeOpen>
<selectedRDBMSSite>32076570-2523-435C-2E92-BF29817DFF70</selectedRDBMSSite>
</relationalModel>