<?xml version = '1.0' encoding = 'UTF-8'?>
<Entity class="oracle.dbtools.crest.model.design.logical.Entity" directorySegmentName="seg_0" id="40251127-F836-E7EC-2CDA-BFC2A5E0962C" name="T_VB_COMANDA/PEDIDO ">
<createdBy>betob</createdBy>
<createdTime>2023-03-08 17:08:24 UTC</createdTime>
<ownerDesignName>ProjetovendeBemDER</ownerDesignName>
<engineerTo>
<item key="D3841FF0-F0C1-6310-0089-B7877F005C1F" value="true"/>
</engineerTo>
<adequatelyNormalized>NO</adequatelyNormalized>
<expectedVolumes>0</expectedVolumes>
<fwdEngineeringStrategyName>Single Table</fwdEngineeringStrategyName>
<growthPercent>0</growthPercent>
<growthType>Year</growthType>
<maxVolumes>9999999</maxVolumes>
<minVolumes>0</minVolumes>
<normalForm>Third</normalForm>
<attributes itemClass="oracle.dbtools.crest.model.design.logical.Attribute">
<Attribute name="ND_COMANDA " id="4E5F32FB-AA12-6656-0E40-8AC65EAAE1F8">
<createdBy>betob</createdBy>
<createdTime>2023-03-08 17:13:48 UTC</createdTime>
<ownerDesignName>ProjetovendeBemDER</ownerDesignName>
<engineerTo>
<item key="D3841FF0-F0C1-6310-0089-B7877F005C1F" value="true"/>
</engineerTo>
<useDomainConstraints>false</useDomainConstraints>
<use>1</use>
<logicalDatatype>LOGDT019</logicalDatatype>
<ownDataTypeParameters>,,</ownDataTypeParameters>
</Attribute>
<Attribute name="DT_VENDA " id="228C4961-9907-3153-21B1-6976A3139759">
<createdBy>betob</createdBy>
<createdTime>2023-03-08 17:14:14 UTC</createdTime>
<ownerDesignName>ProjetovendeBemDER</ownerDesignName>
<engineerTo>
<item key="D3841FF0-F0C1-6310-0089-B7877F005C1F" value="true"/>
</engineerTo>
<useDomainConstraints>false</useDomainConstraints>
<use>1</use>
<logicalDatatype>LOGDT019</logicalDatatype>
<ownDataTypeParameters>,,</ownDataTypeParameters>
</Attribute>
</attributes>
<identifiers itemClass="oracle.dbtools.crest.model.design.logical.CandidateKey">
<identifier id="AB822F16-C748-D986-A091-DA2E94D5D776" name="T_VB_COMANDA/PEDIDO PK">
<createdBy>betob</createdBy>
<createdTime>2023-03-08 17:14:06 UTC</createdTime>
<ownerDesignName>ProjetovendeBemDER</ownerDesignName>
<engineerTo>
<item key="D3841FF0-F0C1-6310-0089-B7877F005C1F" value="true"/>
</engineerTo>
<pk>true</pk>
<usedAttributes>
<attributeRef>4E5F32FB-AA12-6656-0E40-8AC65EAAE1F8</attributeRef>
</usedAttributes>
</identifier>
</identifiers>
</Entity>