<?xml version = '1.0' encoding = 'UTF-8'?>
<Entity class="oracle.dbtools.crest.model.design.logical.Entity" directorySegmentName="seg_0" id="7D83ACBB-2096-1AA1-D051-9F89E5A282E6" name="T_VB_ESTABELECIMENTO ">
<createdBy>betob</createdBy>
<createdTime>2023-03-08 17:10:58 UTC</createdTime>
<ownerDesignName>ProjetovendeBemDER</ownerDesignName>
<engineerTo>
<item key="D3841FF0-F0C1-6310-0089-B7877F005C1F" value="true"/>
</engineerTo>
<adequatelyNormalized>NO</adequatelyNormalized>
<expectedVolumes>0</expectedVolumes>
<fwdEngineeringStrategyName>Single Table</fwdEngineeringStrategyName>
<growthPercent>0</growthPercent>
<growthType>Year</growthType>
<maxVolumes>9999999</maxVolumes>
<minVolumes>0</minVolumes>
<normalForm>Third</normalForm>
<attributes itemClass="oracle.dbtools.crest.model.design.logical.Attribute">
<Attribute name="CD_ESTABELECIMENTO " id="DA7CD561-79F8-5B3E-AC8C-A753ECC6B173">
<createdBy>betob</createdBy>
<createdTime>2023-03-08 17:17:44 UTC</createdTime>
<ownerDesignName>ProjetovendeBemDER</ownerDesignName>
<engineerTo>
<item key="D3841FF0-F0C1-6310-0089-B7877F005C1F" value="true"/>
</engineerTo>
<useDomainConstraints>false</useDomainConstraints>
<use>1</use>
<logicalDatatype>LOGDT019</logicalDatatype>
<ownDataTypeParameters>,,</ownDataTypeParameters>
</Attribute>
</attributes>
<identifiers itemClass="oracle.dbtools.crest.model.design.logical.CandidateKey">
<identifier id="40C38470-B22F-0BB0-302E-99A1DDE9014D" name="T_VB_ESTABELECIMENTO PK">
<createdBy>betob</createdBy>
<createdTime>2023-03-08 17:18:03 UTC</createdTime>
<ownerDesignName>ProjetovendeBemDER</ownerDesignName>
<engineerTo>
<item key="D3841FF0-F0C1-6310-0089-B7877F005C1F" value="true"/>
</engineerTo>
<pk>true</pk>
<usedAttributes>
<attributeRef>DA7CD561-79F8-5B3E-AC8C-A753ECC6B173</attributeRef>
</usedAttributes>
</identifier>
</identifiers>
</Entity>