<?xml version = '1.0' encoding = 'UTF-8'?>
<Entity class="oracle.dbtools.crest.model.design.logical.Entity" directorySegmentName="seg_0" id="D0A65A35-8842-2ACF-2F26-7684BCF6CD05" name="T_VB_FUNCIONARIO">
<createdBy>betob</createdBy>
<createdTime>2023-03-08 17:04:43 UTC</createdTime>
<ownerDesignName>ProjetovendeBemDER</ownerDesignName>
<engineerTo>
<item key="D3841FF0-F0C1-6310-0089-B7877F005C1F" value="true"/>
</engineerTo>
<adequatelyNormalized>NO</adequatelyNormalized>
<expectedVolumes>0</expectedVolumes>
<fwdEngineeringStrategyName>Single Table</fwdEngineeringStrategyName>
<growthPercent>0</growthPercent>
<growthType>Year</growthType>
<maxVolumes>9999999</maxVolumes>
<minVolumes>0</minVolumes>
<normalForm>Third</normalForm>
<attributes itemClass="oracle.dbtools.crest.model.design.logical.Attribute">
<Attribute name="CD_FUNCIONARIO" id="DD9648D5-5663-3CA1-466A-3E07C272426F">
<createdBy>betob</createdBy>
<createdTime>2023-03-08 17:06:17 UTC</createdTime>
<ownerDesignName>ProjetovendeBemDER</ownerDesignName>
<engineerTo>
<item key="D3841FF0-F0C1-6310-0089-B7877F005C1F" value="true"/>
</engineerTo>
<useDomainConstraints>false</useDomainConstraints>
<use>1</use>
<logicalDatatype>LOGDT019</logicalDatatype>
<ownDataTypeParameters>,,</ownDataTypeParameters>
</Attribute>
</attributes>
<identifiers itemClass="oracle.dbtools.crest.model.design.logical.CandidateKey">
<identifier id="9C0299A8-2CC9-FB1B-97B4-FAC25C403BA8" name="T_VB_FUNCIONARIO PK">
<createdBy>betob</createdBy>
<createdTime>2023-03-08 17:06:39 UTC</createdTime>
<ownerDesignName>ProjetovendeBemDER</ownerDesignName>
<engineerTo>
<item key="D3841FF0-F0C1-6310-0089-B7877F005C1F" value="true"/>
</engineerTo>
<pk>true</pk>
<usedAttributes>
<attributeRef>DD9648D5-5663-3CA1-466A-3E07C272426F</attributeRef>
</usedAttributes>
</identifier>
</identifiers>
</Entity>