<?xml version = '1.0' encoding = 'UTF-8'?>
<Entity class="oracle.dbtools.crest.model.design.logical.Entity" directorySegmentName="seg_0" id="FBF9E4F3-1A09-2A8F-73CA-7555A809EEF5" name="T_VB_CLIENTE">
<createdBy>logonrmlocal</createdBy>
<createdTime>2023-03-07 23:42:50 UTC</createdTime>
<ownerDesignName>ProjetovendeBemDER</ownerDesignName>
<engineerTo>
<item key="D3841FF0-F0C1-6310-0089-B7877F005C1F" value="true"/>
</engineerTo>
<adequatelyNormalized>NO</adequatelyNormalized>
<expectedVolumes>0</expectedVolumes>
<fwdEngineeringStrategyName>Single Table</fwdEngineeringStrategyName>
<growthPercent>0</growthPercent>
<growthType>Year</growthType>
<maxVolumes>9999999</maxVolumes>
<minVolumes>0</minVolumes>
<normalForm>Third</normalForm>
<attributes itemClass="oracle.dbtools.crest.model.design.logical.Attribute">
<Attribute name="CD_CLIENTE" id="B89AD115-2EB6-EF92-338D-9FA8C3003292">
<createdBy>betob</createdBy>
<createdTime>2023-03-08 16:57:03 UTC</createdTime>
<ownerDesignName>ProjetovendeBemDER</ownerDesignName>
<engineerTo>
<item key="D3841FF0-F0C1-6310-0089-B7877F005C1F" value="true"/>
</engineerTo>
<useDomainConstraints>false</useDomainConstraints>
<use>1</use>
<logicalDatatype>LOGDT019</logicalDatatype>
<dataTypePrecision>8</dataTypePrecision>
<ownDataTypeParameters>,8,</ownDataTypeParameters>
</Attribute>
</attributes>
<identifiers itemClass="oracle.dbtools.crest.model.design.logical.CandidateKey">
<identifier id="1FFA56E6-54C7-C30D-F50E-65260C24EDBD" name="T_VB_CLIENTE PK">
<createdBy>betob</createdBy>
<createdTime>2023-03-08 17:00:37 UTC</createdTime>
<ownerDesignName>ProjetovendeBemDER</ownerDesignName>
<engineerTo>
<item key="D3841FF0-F0C1-6310-0089-B7877F005C1F" value="true"/>
</engineerTo>
<pk>true</pk>
<usedAttributes>
<attributeRef>B89AD115-2EB6-EF92-338D-9FA8C3003292</attributeRef>
</usedAttributes>
</identifier>
</identifiers>
</Entity>